Role,Name,Email,Skills,Background,Domain,Interests
Student,Student1,[email address removed],"Python, Data Science, Machine Learning",Undergraduate student in Computer Science,Technology,"AI ethics, Data visualization, Open source software"
Professional,Pro2,[email address removed],"Marketing, Social Media, Content Creation",5 years of experience in digital marketing,Marketing,"Influencer marketing, Brand strategy, SEO"
Student,Student3,[email address removed],"Graphic Design, UX/UI Design, Adobe Creative Suite",Undergraduate student in Design,Design,"User experience research, Interaction design, Typography"
Professional,Pro4,[email address removed],"Finance, Accounting, Business Analysis","MBA degree, CPA certification",Finance,"Financial modeling, Risk management, Investment analysis"
Student,Student5,[email address removed],"Biology, Biochemistry, Research Methods",Undergraduate student in Biology,Science,"Biotechnology, Genetics, Healthcare"
Professional,Pro6,[email address removed],"Human Resources, Talent Acquisition, Employee Relations",8 years of experience in HR,Human Resources,"Diversity & Inclusion, Organizational development, Leadership coaching"
Student,Student7,[email address removed],"Psychology, Counseling, Mental Health",Undergraduate student in Psychology,Psychology,"Clinical psychology, Psychotherapy, Research on mental health"
Professional,Pro8,[email address removed],"Engineering, Project Management, Construction","Civil engineering degree, PMP certification",Engineering,"Sustainable infrastructure, Renewable energy, Building information modeling (BIM)"
Student,Student9,[email address removed],"Filmmaking, Cinematography, Editing",Undergraduate student in Film Studies,Arts,"Documentary filmmaking, Independent film production, Film theory"
Professional,Pro10,[email address removed],"Sales, Customer Service, Negotiation",10 years of experience in sales,Sales,"Relationship building, Sales enablement, Customer success"
Student,Student11,[email address removed],"Anthropology, Ethnography, Cultural Studies",Undergraduate student in Anthropology,Social Sciences,"Fieldwork research, Cultural heritage preservation, Community engagement"
Professional,Pro12,[email address removed],"Law, Legal Research, Contract Negotiation","JD degree, specializing in Intellectual Property Law",Law,"Patent law, Trademark law, Copyright law"
Student,Student13,[email address removed],"Environmental Science, Ecology, Sustainability",Undergraduate student in Environmental Science,Science,"Climate change advocacy, Environmental impact assessment, Renewable energy policy"
Professional,Pro14,[email address removed],"Public Health, Epidemiology, Health Policy","MPH degree, specializing in Global Health",Public Health,"Health disparities, Health promotion, International health programs"
Student,Student15,[email address removed],"Music Composition, Music Theory, Music Performance",Undergraduate student in Music Composition,Arts,"Jazz composition, Orchestration, Music education"
Professional,Pro16,[email address removed],"Software Development, Programming (Java, Python), Agile Methodologies",7 years of experience in software development,Technology,"Full-stack development, Cloud computing, DevOps"
Student,Student17,[email address removed],"Political Science, International Relations, Diplomacy",Undergraduate student in Political Science,Social Sciences,"Foreign policy analysis, Global governance, Human rights"
Professional,Pro18,[email address removed],"Marketing Research, Market Analysis, Data Analytics","MBA degree, specializing in Marketing",Marketing,"Market segmentation, Consumer behavior, Market intelligence"
Student,Student19,[email address removed],"Journalism, Writing, Storytelling",Undergraduate student in Journalism,Arts,"Investigative journalism, Feature writing, Digital journalism"
Professional,Pro20,[email address removed],"Healthcare Administration, Healthcare Management, Quality Improvement",Master's degree in Healthcare Administration,Healthcare,"Healthcare policy, Patient safety, Healthcare finance"
Student,Student21,[email address removed],"Chemistry, Organic Chemistry, Laboratory Techniques",Undergraduate student in Chemistry,Science,"Medicinal chemistry, Pharmaceutical research, Chemical analysis"
Professional,Pro22,[email address removed],"Business Development, Entrepreneurship, Startup Operations",5 years of experience in startup founding,Business,"Venture capital, Innovation management, Product development"
Student,Student23,[email address removed],"History, Archaeology, Cultural Heritage",Undergraduate student in History,Humanities,"Museum studies, Historical preservation, Public history"
Professional,Pro24,[email address removed],"Architecture, Urban Planning, Sustainable Design",Master's degree in Architecture,Architecture,"Urban renewal, Green building design, Community development"
Student,Student25,[email address removed],"Mathematics, Statistics, Data Analysis",Undergraduate student in Mathematics,Science,"Applied mathematics, Actuarial science, Financial mathematics"
Professional,Pro26,[email address removed],"Teaching, Education, Curriculum Development",Master's degree in Education,Education,"Educational technology, Special education, Teacher training"
Student,Student27,[email address removed],"Physics, Astrophysics, Astronomy",Undergraduate student in Physics,Science,"Space exploration, Astrophysics research, Quantum mechanics"
Professional,Pro28,[email address removed],"Logistics, Supply Chain Management, Operations Management",10 years of experience in logistics,Operations,"Supply chain optimization, Inventory management, Transportation planning"
Student,Student29,[email address removed],"Philosophy, Ethics, Critical Thinking",Undergraduate student in Philosophy,Humanities,"Philosophy of science, Bioethics, Environmental ethics"
Professional,Pro30,[email address removed],"Graphic Design, Digital Art, Illustration",Freelance graphic designer,Arts,"Digital illustration, Logo design, UX/UI design"
